Header 1,Header 2,Header 3,Header 4,Header 5,Header 6,Header 7,Header 8,Header 9,Header 10,Header 11,Header 12,Header 13,Header 14,Header 15,Header 16,Header 17,Header 18,Header 19,Header 20,Header 21,Header 22,Header 23,Header 24,Header 25,Header 26,Header 27
1,2,3,4,5,6,7,8,9,10,11,12,13,14,15,16,17,18,19,20,21,22,23,24,25,26,27
2,Fila 2 Columna 2,Fila 2 Columna 3,Fila 2 Columna 4,Fila 2 Columna 5,Fila 2 Columna 6,Fila 2 Columna 7,Fila 2 Columna 8,Fila 2 Columna 9,Fila 2 Columna 10,Fila 2 Columna 11,Fila 2 Columna 12,Fila 2 Columna 13,Fila 2 Columna 14,Fila 2 Columna 15,Fila 2 Columna 16,Fila 2 Columna 17,Fila 2 Columna 18,Fila 2 Columna 19,Fila 2 Columna 20,Fila 2 Columna 21,Fila 2 Columna 22,Fila 2 Columna 23,Fila 2 Columna 24,Fila 2 Columna 25,Fila 2 Columna 26,Fila 2 Columna 27
3,Fila 3 Columna 2,Fila 3 Columna 3,Fila 3 Columna 4,Fila 3 Columna 5,Fila 3 Columna 6,Fila 3 Columna 7,Fila 3 Columna 8,Fila 3 Columna 9,Fila 3 Columna 10,Fila 3 Columna 11,Fila 3 Columna 12,Fila 3 Columna 13,Fila 3 Columna 14,Fila 3 Columna 15,Fila 3 Columna 16,Fila 3 Columna 17,Fila 3 Columna 18,Fila 3 Columna 19,Fila 3 Columna 20,Fila 3 Columna 21,Fila 3 Columna 22,Fila 3 Columna 23,Fila 3 Columna 24,Fila 3 Columna 25,Fila 3 Columna 26,Fila 3 Columna 27
4,Fila 4 Columna 2,Fila 4 Columna 3,Fila 4 Columna 4,Fila 4 Columna 5,Fila 4 Columna 6,Fila 4 Columna 7,Fila 4 Columna 8,Fila 4 Columna 9,Fila 4 Columna 10,Fila 4 Columna 11,Fila 4 Columna 12,Fila 4 Columna 13,Fila 4 Columna 14,Fila 4 Columna 15,Fila 4 Columna 16,Fila 4 Columna 17,Fila 4 Columna 18,Fila 4 Columna 19,Fila 4 Columna 20,Fila 4 Columna 21,Fila 4 Columna 22,Fila 4 Columna 23,Fila 4 Columna 24,Fila 4 Columna 25,Fila 4 Columna 26,Fila 4 Columna 27
5,Fila 5 Columna 2,Fila 5 Columna 3,Fila 5 Columna 4,Fila 5 Columna 5,Fila 5 Columna 6,Fila 5 Columna 7,Fila 5 Columna 8,Fila 5 Columna 9,Fila 5 Columna 10,Fila 5 Columna 11,Fila 5 Columna 12,Fila 5 Columna 13,Fila 5 Columna 14,Fila 5 Columna 15,Fila 5 Columna 16,Fila 5 Columna 17,Fila 5 Columna 18,Fila 5 Columna 19,Fila 5 Columna 20,Fila 5 Columna 21,Fila 5 Columna 22,Fila 5 Columna 23,Fila 5 Columna 24,Fila 5 Columna 25,Fila 5 Columna 26,Fila 5 Columna 27
6,Fila 6 Columna 2,Fila 6 Columna 3,Fila 6 Columna 4,Fila 6 Columna 5,Fila 6 Columna 6,Fila 6 Columna 7,Fila 6 Columna 8,Fila 6 Columna 9,Fila 6 Columna 10,Fila 6 Columna 11,Fila 6 Columna 12,Fila 6 Columna 13,Fila 6 Columna 14,Fila 6 Columna 15,Fila 6 Columna 16,Fila 6 Columna 17,Fila 6 Columna 18,Fila 6 Columna 19,Fila 6 Columna 20,Fila 6 Columna 21,Fila 6 Columna 22,Fila 6 Columna 23,Fila 6 Columna 24,Fila 6 Columna 25,Fila 6 Columna 26,Fila 6 Columna 27
7,Fila 7 Columna 2,Fila 7 Columna 3,Fila 7 Columna 4,Fila 7 Columna 5,Fila 7 Columna 6,Fila 7 Columna 7,Fila 7 Columna 8,Fila 7 Columna 9,Fila 7 Columna 10,Fila 7 Columna 11,Fila 7 Columna 12,Fila 7 Columna 13,Fila 7 Columna 14,Fila 7 Columna 15,Fila 7 Columna 16,Fila 7 Columna 17,Fila 7 Columna 18,Fila 7 Columna 19,Fila 7 Columna 20,Fila 7 Columna 21,Fila 7 Columna 22,Fila 7 Columna 23,Fila 7 Columna 24,Fila 7 Columna 25,Fila 7 Columna 26,Fila 7 Columna 27
8,Fila 8 Columna 2,Fila 8 Columna 3,Fila 8 Columna 4,Fila 8 Columna 5,Fila 8 Columna 6,Fila 8 Columna 7,Fila 8 Columna 8,Fila 8 Columna 9,Fila 8 Columna 10,Fila 8 Columna 11,Fila 8 Columna 12,Fila 8 Columna 13,Fila 8 Columna 14,Fila 8 Columna 15,Fila 8 Columna 16,Fila 8 Columna 17,Fila 8 Columna 18,Fila 8 Columna 19,Fila 8 Columna 20,Fila 8 Columna 21,Fila 8 Columna 22,Fila 8 Columna 23,Fila 8 Columna 24,Fila 8 Columna 25,Fila 8 Columna 26,Fila 8 Columna 27
9,Fila 9 Columna 2,Fila 9 Columna 3,Fila 9 Columna 4,Fila 9 Columna 5,Fila 9 Columna 6,Fila 9 Columna 7,Fila 9 Columna 8,Fila 9 Columna 9,Fila 9 Columna 10,Fila 9 Columna 11,Fila 9 Columna 12,Fila 9 Columna 13,Fila 9 Columna 14,Fila 9 Columna 15,Fila 9 Columna 16,Fila 9 Columna 17,Fila 9 Columna 18,Fila 9 Columna 19,Fila 9 Columna 20,Fila 9 Columna 21,Fila 9 Columna 22,Fila 9 Columna 23,Fila 9 Columna 24,Fila 9 Columna 25,Fila 9 Columna 26,Fila 9 Columna 27
10,Fila 10 Columna 2,Fila 10 Columna 3,Fila 10 Columna 4,Fila 10 Columna 5,Fila 10 Columna 6,Fila 10 Columna 7,Fila 10 Columna 8,Fila 10 Columna 9,Fila 10 Columna 10,Fila 10 Columna 11,Fila 10 Columna 12,Fila 10 Columna 13,Fila 10 Columna 14,Fila 10 Columna 15,Fila 10 Columna 16,Fila 10 Columna 17,Fila 10 Columna 18,Fila 10 Columna 19,Fila 10 Columna 20,Fila 10 Columna 21,Fila 10 Columna 22,Fila 10 Columna 23,Fila 10 Columna 24,Fila 10 Columna 25,Fila 10 Columna 26,Fila 10 Columna 27
11,Fila 11 Columna 2,Fila 11 Columna 3,Fila 11 Columna 4,Fila 11 Columna 5,Fila 11 Columna 6,Fila 11 Columna 7,Fila 11 Columna 8,Fila 11 Columna 9,Fila 11 Columna 10,Fila 11 Columna 11,Fila 11 Columna 12,Fila 11 Columna 13,Fila 11 Columna 14,Fila 11 Columna 15,Fila 11 Columna 16,Fila 11 Columna 17,Fila 11 Columna 18,Fila 11 Columna 19,Fila 11 Columna 20,Fila 11 Columna 21,Fila 11 Columna 22,Fila 11 Columna 23,Fila 11 Columna 24,Fila 11 Columna 25,Fila 11 Columna 26,Fila 11 Columna 27
12,Fila 12 Columna 2,Fila 12 Columna 3,Fila 12 Columna 4,Fila 12 Columna 5,Fila 12 Columna 6,Fila 12 Columna 7,Fila 12 Columna 8,Fila 12 Columna 9,Fila 12 Columna 10,Fila 12 Columna 11,Fila 12 Columna 12,Fila 12 Columna 13,Fila 12 Columna 14,Fila 12 Columna 15,Fila 12 Columna 16,Fila 12 Columna 17,Fila 12 Columna 18,Fila 12 Columna 19,Fila 12 Columna 20,Fila 12 Columna 21,Fila 12 Columna 22,Fila 12 Columna 23,Fila 12 Columna 24,Fila 12 Columna 25,Fila 12 Columna 26,Fila 12 Columna 27
13,Fila 13 Columna 2,Fila 13 Columna 3,Fila 13 Columna 4,Fila 13 Columna 5,Fila 13 Columna 6,Fila 13 Columna 7,Fila 13 Columna 8,Fila 13 Columna 9,Fila 13 Columna 10,Fila 13 Columna 11,Fila 13 Columna 12,Fila 13 Columna 13,Fila 13 Columna 14,Fila 13 Columna 15,Fila 13 Columna 16,Fila 13 Columna 17,Fila 13 Columna 18,Fila 13 Columna 19,Fila 13 Columna 20,Fila 13 Columna 21,Fila 13 Columna 22,Fila 13 Columna 23,Fila 13 Columna 24,Fila 13 Columna 25,Fila 13 Columna 26,Fila 13 Columna 27
14,Fila 14 Columna 2,Fila 14 Columna 3,Fila 14 Columna 4,Fila 14 Columna 5,Fila 14 Columna 6,Fila 14 Columna 7,Fila 14 Columna 8,Fila 14 Columna 9,Fila 14 Columna 10,Fila 14 Columna 11,Fila 14 Columna 12,Fila 14 Columna 13,Fila 14 Columna 14,Fila 14 Columna 15,Fila 14 Columna 16,Fila 14 Columna 17,Fila 14 Columna 18,Fila 14 Columna 19,Fila 14 Columna 20,Fila 14 Columna 21,Fila 14 Columna 22,Fila 14 Columna 23,Fila 14 Columna 24,Fila 14 Columna 25,Fila 14 Columna 26,Fila 14 Columna 27
15,Fila 15 Columna 2,Fila 15 Columna 3,Fila 15 Columna 4,Fila 15 Columna 5,Fila 15 Columna 6,Fila 15 Columna 7,Fila 15 Columna 8,Fila 15 Columna 9,Fila 15 Columna 10,Fila 15 Columna 11,Fila 15 Columna 12,Fila 15 Columna 13,Fila 15 Columna 14,Fila 15 Columna 15,Fila 15 Columna 16,Fila 15 Columna 17,Fila 15 Columna 18,Fila 15 Columna 19,Fila 15 Columna 20,Fila 15 Columna 21,Fila 15 Columna 22,Fila 15 Columna 23,Fila 15 Columna 24,Fila 15 Columna 25,Fila 15 Columna 26,Fila 15 Columna 27
16,Fila 16 Columna 2,Fila 16 Columna 3,Fila 16 Columna 4,Fila 16 Columna 5,Fila 16 Columna 6,Fila 16 Columna 7,Fila 16 Columna 8,Fila 16 Columna 9,Fila 16 Columna 10,Fila 16 Columna 11,Fila 16 Columna 12,Fila 16 Columna 13,Fila 16 Columna 14,Fila 16 Columna 15,Fila 16 Columna 16,Fila 16 Columna 17,Fila 16 Columna 18,Fila 16 Columna 19,Fila 16 Columna 20,Fila 16 Columna 21,Fila 16 Columna 22,Fila 16 Columna 23,Fila 16 Columna 24,Fila 16 Columna 25,Fila 16 Columna 26,Fila 16 Columna 27
17,Fila 17 Columna 2,Fila 17 Columna 3,Fila 17 Columna 4,Fila 17 Columna 5,Fila 17 Columna 6,Fila 17 Columna 7,Fila 17 Columna 8,Fila 17 Columna 9,Fila 17 Columna 10,Fila 17 Columna 11,Fila 17 Columna 12,Fila 17 Columna 13,Fila 17 Columna 14,Fila 17 Columna 15,Fila 17 Columna 16,Fila 17 Columna 17,Fila 17 Columna 18,Fila 17 Columna 19,Fila 17 Columna 20,Fila 17 Columna 21,Fila 17 Columna 22,Fila 17 Columna 23,Fila 17 Columna 24,Fila 17 Columna 25,Fila 17 Columna 26,Fila 17 Columna 27
18,Fila 18 Columna 2,Fila 18 Columna 3,Fila 18 Columna 4,Fila 18 Columna 5,Fila 18 Columna 6,Fila 18 Columna 7,Fila 18 Columna 8,Fila 18 Columna 9,Fila 18 Columna 10,Fila 18 Columna 11,Fila 18 Columna 12,Fila 18 Columna 13,Fila 18 Columna 14,Fila 18 Columna 15,Fila 18 Columna 16,Fila 18 Columna 17,Fila 18 Columna 18,Fila 18 Columna 19,Fila 18 Columna 20,Fila 18 Columna 21,Fila 18 Columna 22,Fila 18 Columna 23,Fila 18 Columna 24,Fila 18 Columna 25,Fila 18 Columna 26,Fila 18 Columna 27
19,Fila 19 Columna 2,Fila 19 Columna 3,Fila 19 Columna 4,Fila 19 Columna 5,Fila 19 Columna 6,Fila 19 Columna 7,Fila 19 Columna 8,Fila 19 Columna 9,Fila 19 Columna 10,Fila 19 Columna 11,Fila 19 Columna 12,Fila 19 Columna 13,Fila 19 Columna 14,Fila 19 Columna 15,Fila 19 Columna 16,Fila 19 Columna 17,Fila 19 Columna 18,Fila 19 Columna 19,Fila 19 Columna 20,Fila 19 Columna 21,Fila 19 Columna 22,Fila 19 Columna 23,Fila 19 Columna 24,Fila 19 Columna 25,Fila 19 Columna 26,Fila 19 Columna 27
20,Fila 20 Columna 2,Fila 20 Columna 3,Fila 20 Columna 4,Fila 20 Columna 5,Fila 20 Columna 6,Fila 20 Columna 7,Fila 20 Columna 8,Fila 20 Columna 9,Fila 20 Columna 10,Fila 20 Columna 11,Fila 20 Columna 12,Fila 20 Columna 13,Fila 20 Columna 14,Fila 20 Columna 15,Fila 20 Columna 16,Fila 20 Columna 17,Fila 20 Columna 18,Fila 20 Columna 19,Fila 20 Columna 20,Fila 20 Columna 21,Fila 20 Columna 22,Fila 20 Columna 23,Fila 20 Columna 24,Fila 20 Columna 25,Fila 20 Columna 26,Fila 20 Columna 27
21,Fila 21 Columna 2,Fila 21 Columna 3,Fila 21 Columna 4,Fila 21 Columna 5,Fila 21 Columna 6,Fila 21 Columna 7,Fila 21 Columna 8,Fila 21 Columna 9,Fila 21 Columna 10,Fila 21 Columna 11,Fila 21 Columna 12,Fila 21 Columna 13,Fila 21 Columna 14,Fila 21 Columna 15,Fila 21 Columna 16,Fila 21 Columna 17,Fila 21 Columna 18,Fila 21 Columna 19,Fila 21 Columna 20,Fila 21 Columna 21,Fila 21 Columna 22,Fila 21 Columna 23,Fila 21 Columna 24,Fila 21 Columna 25,Fila 21 Columna 26,Fila 21 Columna 27
22,Fila 22 Columna 2,Fila 22 Columna 3,Fila 22 Columna 4,Fila 22 Columna 5,Fila 22 Columna 6,Fila 22 Columna 7,Fila 22 Columna 8,Fila 22 Columna 9,Fila 22 Columna 10,Fila 22 Columna 11,Fila 22 Columna 12,Fila 22 Columna 13,Fila 22 Columna 14,Fila 22 Columna 15,Fila 22 Columna 16,Fila 22 Columna 17,Fila 22 Columna 18,Fila 22 Columna 19,Fila 22 Columna 20,Fila 22 Columna 21,Fila 22 Columna 22,Fila 22 Columna 23,Fila 22 Columna 24,Fila 22 Columna 25,Fila 22 Columna 26,Fila 22 Columna 27
23,Fila 23 Columna 2,Fila 23 Columna 3,Fila 23 Columna 4,Fila 23 Columna 5,Fila 23 Columna 6,Fila 23 Columna 7,Fila 23 Columna 8,Fila 23 Columna 9,Fila 23 Columna 10,Fila 23 Columna 11,Fila 23 Columna 12,Fila 23 Columna 13,Fila 23 Columna 14,Fila 23 Columna 15,Fila 23 Columna 16,Fila 23 Columna 17,Fila 23 Columna 18,Fila 23 Columna 19,Fila 23 Columna 20,Fila 23 Columna 21,Fila 23 Columna 22,Fila 23 Columna 23,Fila 23 Columna 24,Fila 23 Columna 25,Fila 23 Columna 26,Fila 23 Columna 27
24,Fila 24 Columna 2,Fila 24 Columna 3,Fila 24 Columna 4,Fila 24 Columna 5,Fila 24 Columna 6,Fila 24 Columna 7,Fila 24 Columna 8,Fila 24 Columna 9,Fila 24 Columna 10,Fila 24 Columna 11,Fila 24 Columna 12,Fila 24 Columna 13,Fila 24 Columna 14,Fila 24 Columna 15,Fila 24 Columna 16,Fila 24 Columna 17,Fila 24 Columna 18,Fila 24 Columna 19,Fila 24 Columna 20,Fila 24 Columna 21,Fila 24 Columna 22,Fila 24 Columna 23,Fila 24 Columna 24,Fila 24 Columna 25,Fila 24 Columna 26,Fila 24 Columna 27
25,Fila 25 Columna 2,Fila 25 Columna 3,Fila 25 Columna 4,Fila 25 Columna 5,Fila 25 Columna 6,Fila 25 Columna 7,Fila 25 Columna 8,Fila 25 Columna 9,Fila 25 Columna 10,Fila 25 Columna 11,Fila 25 Columna 12,Fila 25 Columna 13,Fila 25 Columna 14,Fila 25 Columna 15,Fila 25 Columna 16,Fila 25 Columna 17,Fila 25 Columna 18,Fila 25 Columna 19,Fila 25 Columna 20,Fila 25 Columna 21,Fila 25 Columna 22,Fila 25 Columna 23,Fila 25 Columna 24,Fila 25 Columna 25,Fila 25 Columna 26,Fila 25 Columna 27
26,Fila 26 Columna 2,Fila 26 Columna 3,Fila 26 Columna 4,Fila 26 Columna 5,Fila 26 Columna 6,Fila 26 Columna 7,Fila 26 Columna 8,Fila 26 Columna 9,Fila 26 Columna 10,Fila 26 Columna 11,Fila 26 Columna 12,Fila 26 Columna 13,Fila 26 Columna 14,Fila 26 Columna 15,Fila 26 Columna 16,Fila 26 Columna 17,Fila 26 Columna 18,Fila 26 Columna 19,Fila 26 Columna 20,Fila 26 Columna 21,Fila 26 Columna 22,Fila 26 Columna 23,Fila 26 Columna 24,Fila 26 Columna 25,Fila 26 Columna 26,Fila 26 Columna 27
27,Fila 27 Columna 2,Fila 27 Columna 3,Fila 27 Columna 4,Fila 27 Columna 5,Fila 27 Columna 6,Fila 27 Columna 7,Fila 27 Columna 8,Fila 27 Columna 9,Fila 27 Columna 10,Fila 27 Columna 11,Fila 27 Columna 12,Fila 27 Columna 13,Fila 27 Columna 14,Fila 27 Columna 15,Fila 27 Columna 16,Fila 27 Columna 17,Fila 27 Columna 18,Fila 27 Columna 19,Fila 27 Columna 20,Fila 27 Columna 21,Fila 27 Columna 22,Fila 27 Columna 23,Fila 27 Columna 24,Fila 27 Columna 25,Fila 27 Columna 26,Fila 27 Columna 27
28,Fila 28 Columna 2,Fila 28 Columna 3,Fila 28 Columna 4,Fila 28 Columna 5,Fila 28 Columna 6,Fila 28 Columna 7,Fila 28 Columna 8,Fila 28 Columna 9,Fila 28 Columna 10,Fila 28 Columna 11,Fila 28 Columna 12,Fila 28 Columna 13,Fila 28 Columna 14,Fila 28 Columna 15,Fila 28 Columna 16,Fila 28 Columna 17,Fila 28 Columna 18,Fila 28 Columna 19,Fila 28 Columna 20,Fila 28 Columna 21,Fila 28 Columna 22,Fila 28 Columna 23,Fila 28 Columna 24,Fila 28 Columna 25,Fila 28 Columna 26,Fila 28 Columna 27
29,Fila 29 Columna 2,Fila 29 Columna 3,Fila 29 Columna 4,Fila 29 Columna 5,Fila 29 Columna 6,Fila 29 Columna 7,Fila 29 Columna 8,Fila 29 Columna 9,Fila 29 Columna 10,Fila 29 Columna 11,Fila 29 Columna 12,Fila 29 Columna 13,Fila 29 Columna 14,Fila 29 Columna 15,Fila 29 Columna 16,Fila 29 Columna 17,Fila 29 Columna 18,Fila 29 Columna 19,Fila 29 Columna 20,Fila 29 Columna 21,Fila 29 Columna 22,Fila 29 Columna 23,Fila 29 Columna 24,Fila 29 Columna 25,Fila 29 Columna 26,Fila 29 Columna 27
30,Fila 30 Columna 2,Fila 30 Columna 3,Fila 30 Columna 4,Fila 30 Columna 5,Fila 30 Columna 6,Fila 30 Columna 7,Fila 30 Columna 8,Fila 30 Columna 9,Fila 30 Columna 10,Fila 30 Columna 11,Fila 30 Columna 12,Fila 30 Columna 13,Fila 30 Columna 14,Fila 30 Columna 15,Fila 30 Columna 16,Fila 30 Columna 17,Fila 30 Columna 18,Fila 30 Columna 19,Fila 30 Columna 20,Fila 30 Columna 21,Fila 30 Columna 22,Fila 30 Columna 23,Fila 30 Columna 24,Fila 30 Columna 25,Fila 30 Columna 26,Fila 30 Columna 27
31,Fila 31 Columna 2,Fila 31 Columna 3,Fila 31 Columna 4,Fila 31 Columna 5,Fila 31 Columna 6,Fila 31 Columna 7,Fila 31 Columna 8,Fila 31 Columna 9,Fila 31 Columna 10,Fila 31 Columna 11,Fila 31 Columna 12,Fila 31 Columna 13,Fila 31 Columna 14,Fila 31 Columna 15,Fila 31 Columna 16,Fila 31 Columna 17,Fila 31 Columna 18,Fila 31 Columna 19,Fila 31 Columna 20,Fila 31 Columna 21,Fila 31 Columna 22,Fila 31 Columna 23,Fila 31 Columna 24,Fila 31 Columna 25,Fila 31 Columna 26,Fila 31 Columna 27
32,Fila 32 Columna 2,Fila 32 Columna 3,Fila 32 Columna 4,Fila 32 Columna 5,Fila 32 Columna 6,Fila 32 Columna 7,Fila 32 Columna 8,Fila 32 Columna 9,Fila 32 Columna 10,Fila 32 Columna 11,Fila 32 Columna 12,Fila 32 Columna 13,Fila 32 Columna 14,Fila 32 Columna 15,Fila 32 Columna 16,Fila 32 Columna 17,Fila 32 Columna 18,Fila 32 Columna 19,Fila 32 Columna 20,Fila 32 Columna 21,Fila 32 Columna 22,Fila 32 Columna 23,Fila 32 Columna 24,Fila 32 Columna 25,Fila 32 Columna 26,Fila 32 Columna 27
33,Fila 33 Columna 2,Fila 33 Columna 3,Fila 33 Columna 4,Fila 33 Columna 5,Fila 33 Columna 6,Fila 33 Columna 7,Fila 33 Columna 8,Fila 33 Columna 9,Fila 33 Columna 10,Fila 33 Columna 11,Fila 33 Columna 12,Fila 33 Columna 13,Fila 33 Columna 14,Fila 33 Columna 15,Fila 33 Columna 16,Fila 33 Columna 17,Fila 33 Columna 18,Fila 33 Columna 19,Fila 33 Columna 20,Fila 33 Columna 21,Fila 33 Columna 22,Fila 33 Columna 23,Fila 33 Columna 24,Fila 33 Columna 25,Fila 33 Columna 26,Fila 33 Columna 27
34,Fila 34 Columna 2,Fila 34 Columna 3,Fila 34 Columna 4,Fila 34 Columna 5,Fila 34 Columna 6,Fila 34 Columna 7,Fila 34 Columna 8,Fila 34 Columna 9,Fila 34 Columna 10,Fila 34 Columna 11,Fila 34 Columna 12,Fila 34 Columna 13,Fila 34 Columna 14,Fila 34 Columna 15,Fila 34 Columna 16,Fila 34 Columna 17,Fila 34 Columna 18,Fila 34 Columna 19,Fila 34 Columna 20,Fila 34 Columna 21,Fila 34 Columna 22,Fila 34 Columna 23,Fila 34 Columna 24,Fila 34 Columna 25,Fila 34 Columna 26,Fila 34 Columna 27
35,Fila 35 Columna 2,Fila 35 Columna 3,Fila 35 Columna 4,Fila 35 Columna 5,Fila 35 Columna 6,Fila 35 Columna 7,Fila 35 Columna 8,Fila 35 Columna 9,Fila 35 Columna 10,Fila 35 Columna 11,Fila 35 Columna 12,Fila 35 Columna 13,Fila 35 Columna 14,Fila 35 Columna 15,Fila 35 Columna 16,Fila 35 Columna 17,Fila 35 Columna 18,Fila 35 Columna 19,Fila 35 Columna 20,Fila 35 Columna 21,Fila 35 Columna 22,Fila 35 Columna 23,Fila 35 Columna 24,Fila 35 Columna 25,Fila 35 Columna 26,Fila 35 Columna 27
36,Fila 36 Columna 2,Fila 36 Columna 3,Fila 36 Columna 4,Fila 36 Columna 5,Fila 36 Columna 6,Fila 36 Columna 7,Fila 36 Columna 8,Fila 36 Columna 9,Fila 36 Columna 10,Fila 36 Columna 11,Fila 36 Columna 12,Fila 36 Columna 13,Fila 36 Columna 14,Fila 36 Columna 15,Fila 36 Columna 16,Fila 36 Columna 17,Fila 36 Columna 18,Fila 36 Columna 19,Fila 36 Columna 20,Fila 36 Columna 21,Fila 36 Columna 22,Fila 36 Columna 23,Fila 36 Columna 24,Fila 36 Columna 25,Fila 36 Columna 26,Fila 36 Columna 27
37,Fila 37 Columna 2,Fila 37 Columna 3,Fila 37 Columna 4,Fila 37 Columna 5,Fila 37 Columna 6,Fila 37 Columna 7,Fila 37 Columna 8,Fila 37 Columna 9,Fila 37 Columna 10,Fila 37 Columna 11,Fila 37 Columna 12,Fila 37 Columna 13,Fila 37 Columna 14,Fila 37 Columna 15,Fila 37 Columna 16,Fila 37 Columna 17,Fila 37 Columna 18,Fila 37 Columna 19,Fila 37 Columna 20,Fila 37 Columna 21,Fila 37 Columna 22,Fila 37 Columna 23,Fila 37 Columna 24,Fila 37 Columna 25,Fila 37 Columna 26,Fila 37 Columna 27
38,Fila 38 Columna 2,Fila 38 Columna 3,Fila 38 Columna 4,Fila 38 Columna 5,Fila 38 Columna 6,Fila 38 Columna 7,Fila 38 Columna 8,Fila 38 Columna 9,Fila 38 Columna 10,Fila 38 Columna 11,Fila 38 Columna 12,Fila 38 Columna 13,Fila 38 Columna 14,Fila 38 Columna 15,Fila 38 Columna 16,Fila 38 Columna 17,Fila 38 Columna 18,Fila 38 Columna 19,Fila 38 Columna 20,Fila 38 Columna 21,Fila 38 Columna 22,Fila 38 Columna 23,Fila 38 Columna 24,Fila 38 Columna 25,Fila 38 Columna 26,Fila 38 Columna 27
39,Fila 39 Columna 2,Fila 39 Columna 3,Fila 39 Columna 4,Fila 39 Columna 5,Fila 39 Columna 6,Fila 39 Columna 7,Fila 39 Columna 8,Fila 39 Columna 9,Fila 39 Columna 10,Fila 39 Columna 11,Fila 39 Columna 12,Fila 39 Columna 13,Fila 39 Columna 14,Fila 39 Columna 15,Fila 39 Columna 16,Fila 39 Columna 17,Fila 39 Columna 18,Fila 39 Columna 19,Fila 39 Columna 20,Fila 39 Columna 21,Fila 39 Columna 22,Fila 39 Columna 23,Fila 39 Columna 24,Fila 39 Columna 25,Fila 39 Columna 26,Fila 39 Columna 27
